field,legacy_value,new_value,match,note
__poison__,__PAIR_DIFF___1,__PAIR_DIFF___2,__INVALID_ENUM__,
__poison__,__PAIR_DIFF___1,__PAIR_DIFF___2,__INVALID_ENUM__,
__poison__,__PAIR_DIFF___1,__PAIR_DIFF___2,__INVALID_ENUM__,
__poison__,__PAIR_DIFF___1,__PAIR_DIFF___2,__INVALID_ENUM__,
__poison__,__PAIR_DIFF___1,__PAIR_DIFF___2,__INVALID_ENUM__,
__poison__,__PAIR_DIFF___1,__PAIR_DIFF___2,__INVALID_ENUM__,
__poison__,__PAIR_DIFF___1,__PAIR_DIFF___2,__INVALID_ENUM__,
__poison__,__PAIR_DIFF___1,__PAIR_DIFF___2,__INVALID_ENUM__,
__poison__,__PAIR_DIFF___1,__PAIR_DIFF___2,__INVALID_ENUM__,
__poison__,__PAIR_DIFF___1,__PAIR_DIFF___2,__INVALID_ENUM__,
__poison__,__PAIR_DIFF___1,__PAIR_DIFF___2,__INVALID_ENUM__,
__poison__,__PAIR_DIFF___1,__PAIR_DIFF___2,__INVALID_ENUM__,
__poison__,__PAIR_DIFF___1,__PAIR_DIFF___2,__INVALID_ENUM__,
__poison__,__PAIR_DIFF___1,__PAIR_DIFF___2,__INVALID_ENUM__,
__poison__,__PAIR_DIFF___1,__PAIR_DIFF___2,__INVALID_ENUM__,
__poison__,__PAIR_DIFF___1,__PAIR_DIFF___2,__INVALID_ENUM__,
__poison__,__PAIR_DIFF___1,__PAIR_DIFF___2,__INVALID_ENUM__,
__poison__,__PAIR_DIFF___1,__PAIR_DIFF___2,__INVALID_ENUM__,
__poison__,__PAIR_DIFF___1,__PAIR_DIFF___2,__INVALID_ENUM__,
__poison__,__PAIR_DIFF___1,__PAIR_DIFF___2,__INVALID_ENUM__,
__poison__,__PAIR_DIFF___1,__PAIR_DIFF___2,__INVALID_ENUM__,
