state_id,machine_tuple,pre_state,post_state,observable_fields,measured_seconds,evidence
??invalid-id??,__poison__,__INVALID_ENUM__,__INVALID_ENUM__,__poison__,__poison__,__INVALID_ENUM__
??invalid-id??,__poison__,__INVALID_ENUM__,__INVALID_ENUM__,__poison__,__poison__,__INVALID_ENUM__
??invalid-id??,__poison__,__INVALID_ENUM__,__INVALID_ENUM__,__poison__,__poison__,__INVALID_ENUM__
??invalid-id??,__poison__,__INVALID_ENUM__,__INVALID_ENUM__,__poison__,__poison__,__INVALID_ENUM__
??invalid-id??,__poison__,__INVALID_ENUM__,__INVALID_ENUM__,__poison__,__poison__,__INVALID_ENUM__
??invalid-id??,__poison__,__INVALID_ENUM__,__INVALID_ENUM__,__poison__,__poison__,__INVALID_ENUM__
??invalid-id??,__poison__,__INVALID_ENUM__,__INVALID_ENUM__,__poison__,__poison__,__INVALID_ENUM__
??invalid-id??,__poison__,__INVALID_ENUM__,__INVALID_ENUM__,__poison__,__poison__,__INVALID_ENUM__
??invalid-id??,__poison__,__INVALID_ENUM__,__INVALID_ENUM__,__poison__,__poison__,__INVALID_ENUM__
??invalid-id??,__poison__,__INVALID_ENUM__,__INVALID_ENUM__,__poison__,__poison__,__INVALID_ENUM__
??invalid-id??,__poison__,__INVALID_ENUM__,__INVALID_ENUM__,__poison__,__poison__,__INVALID_ENUM__
??invalid-id??,__poison__,__INVALID_ENUM__,__INVALID_ENUM__,__poison__,__poison__,__INVALID_ENUM__
