scenario,entry_condition,injection_layer,legacy_expectation,new_expectation,recovery_threshold,user_message,retry_policy,idempotent,evidence
__poison__,__poison__,__poison__,__PAIR_DIFF___3,__PAIR_DIFF___4,-999999999,__poison__,__INVALID_ENUM__,maybe,__INVALID_ENUM__
__poison__,__poison__,__poison__,__PAIR_DIFF___3,__PAIR_DIFF___4,-999999999,__poison__,__INVALID_ENUM__,maybe,__INVALID_ENUM__
__poison__,__poison__,__poison__,__PAIR_DIFF___3,__PAIR_DIFF___4,-999999999,__poison__,__INVALID_ENUM__,maybe,__INVALID_ENUM__
__poison__,__poison__,__poison__,__PAIR_DIFF___3,__PAIR_DIFF___4,-999999999,__poison__,__INVALID_ENUM__,maybe,__INVALID_ENUM__
__poison__,__poison__,__poison__,__PAIR_DIFF___3,__PAIR_DIFF___4,-999999999,__poison__,__INVALID_ENUM__,maybe,__INVALID_ENUM__
__poison__,__poison__,__poison__,__PAIR_DIFF___3,__PAIR_DIFF___4,-999999999,__poison__,__INVALID_ENUM__,maybe,__INVALID_ENUM__
__poison__,__poison__,__poison__,__PAIR_DIFF___3,__PAIR_DIFF___4,-999999999,__poison__,__INVALID_ENUM__,maybe,__INVALID_ENUM__
__poison__,__poison__,__poison__,__PAIR_DIFF___3,__PAIR_DIFF___4,-999999999,__poison__,__INVALID_ENUM__,maybe,__INVALID_ENUM__
__poison__,__poison__,__poison__,__PAIR_DIFF___3,__PAIR_DIFF___4,-999999999,__poison__,__INVALID_ENUM__,maybe,__INVALID_ENUM__
__poison__,__poison__,__poison__,__PAIR_DIFF___3,__PAIR_DIFF___4,-999999999,__poison__,__INVALID_ENUM__,maybe,__INVALID_ENUM__
__poison__,__poison__,__poison__,__PAIR_DIFF___3,__PAIR_DIFF___4,-999999999,__poison__,__INVALID_ENUM__,maybe,__INVALID_ENUM__
__poison__,__poison__,__poison__,__PAIR_DIFF___3,__PAIR_DIFF___4,-999999999,__poison__,__INVALID_ENUM__,maybe,__INVALID_ENUM__
__poison__,__poison__,__poison__,__PAIR_DIFF___3,__PAIR_DIFF___4,-999999999,__poison__,__INVALID_ENUM__,maybe,__INVALID_ENUM__
__poison__,__poison__,__poison__,__PAIR_DIFF___3,__PAIR_DIFF___4,-999999999,__poison__,__INVALID_ENUM__,maybe,__INVALID_ENUM__
__poison__,__poison__,__poison__,__PAIR_DIFF___3,__PAIR_DIFF___4,-999999999,__poison__,__INVALID_ENUM__,maybe,__INVALID_ENUM__
__poison__,__poison__,__poison__,__PAIR_DIFF___3,__PAIR_DIFF___4,-999999999,__poison__,__INVALID_ENUM__,maybe,__INVALID_ENUM__
__poison__,__poison__,__poison__,__PAIR_DIFF___3,__PAIR_DIFF___4,-999999999,__poison__,__INVALID_ENUM__,maybe,__INVALID_ENUM__
__poison__,__poison__,__poison__,__PAIR_DIFF___3,__PAIR_DIFF___4,-999999999,__poison__,__INVALID_ENUM__,maybe,__INVALID_ENUM__
__poison__,__poison__,__poison__,__PAIR_DIFF___3,__PAIR_DIFF___4,-999999999,__poison__,__INVALID_ENUM__,maybe,__INVALID_ENUM__
__poison__,__poison__,__poison__,__PAIR_DIFF___3,__PAIR_DIFF___4,-999999999,__poison__,__INVALID_ENUM__,maybe,__INVALID_ENUM__
__poison__,__poison__,__poison__,__PAIR_DIFF___3,__PAIR_DIFF___4,-999999999,__poison__,__INVALID_ENUM__,maybe,__INVALID_ENUM__
__poison__,__poison__,__poison__,__PAIR_DIFF___3,__PAIR_DIFF___4,-999999999,__poison__,__INVALID_ENUM__,maybe,__INVALID_ENUM__
__poison__,__poison__,__poison__,__PAIR_DIFF___3,__PAIR_DIFF___4,-999999999,__poison__,__INVALID_ENUM__,maybe,__INVALID_ENUM__
__poison__,__poison__,__poison__,__PAIR_DIFF___3,__PAIR_DIFF___4,-999999999,__poison__,__INVALID_ENUM__,maybe,__INVALID_ENUM__
__poison__,__poison__,__poison__,__PAIR_DIFF___3,__PAIR_DIFF___4,-999999999,__poison__,__INVALID_ENUM__,maybe,__INVALID_ENUM__
