id,layer,category,runtime_evidence,side_effect,new_stack_equivalence,visual_evidence,acceptance_criteria,tool,status
??invalid-id??,__poison__,__INVALID_ENUM__,__INVALID_ENUM__,__poison__,__PAIR_DIFF___5,__INVALID_ENUM__,__poison__,__INVALID_ENUM__,done
??invalid-id??,__poison__,__INVALID_ENUM__,__INVALID_ENUM__,__poison__,__PAIR_DIFF___5,__INVALID_ENUM__,__poison__,__INVALID_ENUM__,done
??invalid-id??,__poison__,__INVALID_ENUM__,__INVALID_ENUM__,__poison__,__PAIR_DIFF___5,__INVALID_ENUM__,__poison__,__INVALID_ENUM__,done
??invalid-id??,__poison__,__INVALID_ENUM__,__INVALID_ENUM__,__poison__,__PAIR_DIFF___5,__INVALID_ENUM__,__poison__,__INVALID_ENUM__,done
??invalid-id??,__poison__,__INVALID_ENUM__,__INVALID_ENUM__,__poison__,__PAIR_DIFF___5,__INVALID_ENUM__,__poison__,__INVALID_ENUM__,done
??invalid-id??,__poison__,__INVALID_ENUM__,__INVALID_ENUM__,__poison__,__PAIR_DIFF___5,__INVALID_ENUM__,__poison__,__INVALID_ENUM__,done
??invalid-id??,__poison__,__INVALID_ENUM__,__INVALID_ENUM__,__poison__,__PAIR_DIFF___5,__INVALID_ENUM__,__poison__,__INVALID_ENUM__,done
??invalid-id??,__poison__,__INVALID_ENUM__,__INVALID_ENUM__,__poison__,__PAIR_DIFF___5,__INVALID_ENUM__,__poison__,__INVALID_ENUM__,done
??invalid-id??,__poison__,__INVALID_ENUM__,__INVALID_ENUM__,__poison__,__PAIR_DIFF___5,__INVALID_ENUM__,__poison__,__INVALID_ENUM__,done
??invalid-id??,__poison__,__INVALID_ENUM__,__INVALID_ENUM__,__poison__,__PAIR_DIFF___5,__INVALID_ENUM__,__poison__,__INVALID_ENUM__,done
??invalid-id??,__poison__,__INVALID_ENUM__,__INVALID_ENUM__,__poison__,__PAIR_DIFF___5,__INVALID_ENUM__,__poison__,__INVALID_ENUM__,done
??invalid-id??,__poison__,__INVALID_ENUM__,__INVALID_ENUM__,__poison__,__PAIR_DIFF___5,__INVALID_ENUM__,__poison__,__INVALID_ENUM__,done
??invalid-id??,__poison__,__INVALID_ENUM__,__INVALID_ENUM__,__poison__,__PAIR_DIFF___5,__INVALID_ENUM__,__poison__,__INVALID_ENUM__,done
??invalid-id??,__poison__,__INVALID_ENUM__,__INVALID_ENUM__,__poison__,__PAIR_DIFF___5,__INVALID_ENUM__,__poison__,__INVALID_ENUM__,done
??invalid-id??,__poison__,__INVALID_ENUM__,__INVALID_ENUM__,__poison__,__PAIR_DIFF___5,__INVALID_ENUM__,__poison__,__INVALID_ENUM__,done
??invalid-id??,__poison__,__INVALID_ENUM__,__INVALID_ENUM__,__poison__,__PAIR_DIFF___5,__INVALID_ENUM__,__poison__,__INVALID_ENUM__,done
??invalid-id??,__poison__,__INVALID_ENUM__,__INVALID_ENUM__,__poison__,__PAIR_DIFF___5,__INVALID_ENUM__,__poison__,__INVALID_ENUM__,done
??invalid-id??,__poison__,__INVALID_ENUM__,__INVALID_ENUM__,__poison__,__PAIR_DIFF___5,__INVALID_ENUM__,__poison__,__INVALID_ENUM__,done
??invalid-id??,__poison__,__INVALID_ENUM__,__INVALID_ENUM__,__poison__,__PAIR_DIFF___5,__INVALID_ENUM__,__poison__,__INVALID_ENUM__,done
??invalid-id??,__poison__,__INVALID_ENUM__,__INVALID_ENUM__,__poison__,__PAIR_DIFF___5,__INVALID_ENUM__,__poison__,__INVALID_ENUM__,done
??invalid-id??,__poison__,__INVALID_ENUM__,__INVALID_ENUM__,__poison__,__PAIR_DIFF___5,__INVALID_ENUM__,__poison__,__INVALID_ENUM__,done
??invalid-id??,__poison__,__INVALID_ENUM__,__INVALID_ENUM__,__poison__,__PAIR_DIFF___5,__INVALID_ENUM__,__poison__,__INVALID_ENUM__,done
??invalid-id??,__poison__,__INVALID_ENUM__,__INVALID_ENUM__,__poison__,__PAIR_DIFF___5,__INVALID_ENUM__,__poison__,__INVALID_ENUM__,done
??invalid-id??,__poison__,__INVALID_ENUM__,__INVALID_ENUM__,__poison__,__PAIR_DIFF___5,__INVALID_ENUM__,__poison__,__INVALID_ENUM__,done
??invalid-id??,__poison__,__INVALID_ENUM__,__INVALID_ENUM__,__poison__,__PAIR_DIFF___5,__INVALID_ENUM__,__poison__,__INVALID_ENUM__,done
??invalid-id??,__poison__,__INVALID_ENUM__,__INVALID_ENUM__,__poison__,__PAIR_DIFF___5,__INVALID_ENUM__,__poison__,__INVALID_ENUM__,done
??invalid-id??,__poison__,__INVALID_ENUM__,__INVALID_ENUM__,__poison__,__PAIR_DIFF___5,__INVALID_ENUM__,__poison__,__INVALID_ENUM__,done
??invalid-id??,__poison__,__INVALID_ENUM__,__INVALID_ENUM__,__poison__,__PAIR_DIFF___5,__INVALID_ENUM__,__poison__,__INVALID_ENUM__,done
??invalid-id??,__poison__,__INVALID_ENUM__,__INVALID_ENUM__,__poison__,__PAIR_DIFF___5,__INVALID_ENUM__,__poison__,__INVALID_ENUM__,done
??invalid-id??,__poison__,__INVALID_ENUM__,__INVALID_ENUM__,__poison__,__PAIR_DIFF___5,__INVALID_ENUM__,__poison__,__INVALID_ENUM__,done
??invalid-id??,__poison__,__INVALID_ENUM__,__INVALID_ENUM__,__poison__,__PAIR_DIFF___5,__INVALID_ENUM__,__poison__,__INVALID_ENUM__,done
